{
  "W": [
    209.0984389348026,
    177.1844260789715,
    206.14708907254362
  ],
  "Y": [
    111.15451790633608,
    206.99656565656565,
    212.15417814508726
  ],
  "R": [
    94.90436179981634,
    0.18008264462809917,
    216.76162534435264
  ],
  "O": [
    61.317318640954994,
    31.688723599632695,
    249.02098255280075
  ],
  "G": [
    118.78252525252525,
    182.73214876033057,
    47.58510560146923
  ],
  "B": [
    211.1694490358127,
    46.62944903581266,
    3.7135445362718085
  ]
}